{"0": 0.7016666666666667, "1": 0.6311858076563959, "2": 0.7644991212653779, "3": 0.9361370716510903, "4": 0.8533747090768038, "5": 0.7809847198641766, "6": 0.9209677419354839, "accuracy": 0.8038095238095239, "macro avg": 0.7984022625879993, "weighted avg": 0.7978394459558461, "algorithm": "original"}{"0": 0.6926333615580017, "1": 0.6406533575317604, "2": 0.7716814159292036, "3": 0.9324009324009325, "4": 0.84472049689441, "5": 0.8044217687074829, "6": 0.9255663430420712, "accuracy": 0.8064285714285714, "macro avg": 0.8017253822948375, "weighted avg": 0.8011438687752928, "algorithm": "tabulamark"}{"0": 0.5739036275040607, "1": 0.0, "2": 0.44472049689440996, "3": 0.9134687735139202, "4": 0.6829765545361876, "5": 0.01418439716312057, "6": 0.5685483870967741, "accuracy": 0.5285714285714286, "macro avg": 0.4568288909583532, "weighted avg": 0.4560980209438459, "algorithm": "histogrammark"}{"0": 0.6713043478260871, "1": 0.5907808090310442, "2": 0.6361867704280155, "3": 0.8706896551724138, "4": 0.7988338192419825, "5": 0.7337380745880312, "6": 0.9210950080515298, "accuracy": 0.7561904761904762, "macro avg": 0.7460897834770147, "weighted avg": 0.7457089055961073, "algorithm": "semanticmark"}